skewness,kurtosis
0.30634542223720995,-0.45021280275826087
