skewness,kurtosis
1.0173460809390742,2.6397665499152505
