skewness,kurtosis
0.2684463355529672,-0.771583742577696
