mean,median,sd,min,max,range,IQR,skewness,kurtosis
24.63915547024952,24,6.367261562885981,9,45,36,9,0.32318857310901133,-0.29772097740421816
