skewness,kurtosis
0.4537701718124792,-0.31183861558138937
