mean,median,sd,min,max,range,IQR,skewness,kurtosis
2070.8516050244243,1850,1447.8978462058371,0,9800,9800,2100,0.8173733275175488,0.48378058853698686
