mean,median,sd,min,max,range,IQR,skewness,kurtosis
2070.9512127028443,1850,1448.0045432588488,0,9800,9800,2100,0.8171395772266699,0.48313262014109404
