mean,median,sd,min,max,range,IQR,skewness,kurtosis
24.639218422889044,24,6.366707812109534,9,45,36,9,0.3231868400092469,-0.2972651422373403
