skewness,kurtosis
0.45422620522516094,-0.3109804504076869
